candidate_id,symbol,timeframe,pattern_type,strategy_version_id,created_at,feedback_timestamp,label_text,label,label_source,score,entry_ready,rule_pass_ratio,rule_count,window_len,chart_len,base_high,base_low,base_range_pct,base_duration,current_close,current_pos_in_base,touches_top,touches_bottom,pivot_switches,window_pivots,trendiness,slope_pct_per_bar,rdp_swing_count_total,rdp_swing_count_highs,rdp_swing_count_lows,node_score
DCBO_W_scan_base_box_detector_rdp_hybrid_v1_pattern_v1_6a4f6c82_0_272,DCBO,W,base_box_detector_rdp_hybrid_v1_pattern,scan_base_box_detector_rdp_hybrid_v1_pattern_v1,2026-02-24T01:15:36.150408Z,2026-02-23T07:27:30.114Z,no,0,labels,0.8604075253156996,0,0.75,4,273,273,54.64500045776367,35.40500068664551,0.3520907605443097,60.0,17.149999618530273,-0.9488046406070365,2.0,2.0,5.0,6.0,0.023,0.01,17.0,9.0,8.0,0.8604075253156996
WULF_W_scan_rdp_wiggle_base_v1_9797e66f_0_1664,WULF,W,rdp_wiggle_base,scan_rdp_wiggle_base_v1,2026-02-26T01:30:35.555458Z,2026-02-11T00:11:01.702Z,no,0,labels,1.0,1,1.0,3,1665,1665,,,,,17.920000076293945,,,,,,,,,,,1.0
DBA_W_scan_base_box_detector_rdp_hybrid_v1_pattern_v1_6a4f6c82_0_998,DBA,W,base_box_detector_rdp_hybrid_v1_pattern,scan_base_box_detector_rdp_hybrid_v1_pattern_v1,2026-02-24T01:15:35.658843Z,2026-02-23T06:58:38.607Z,no,0,labels,0.9509178847148442,0,1.0,4,999,999,26.221893339344298,21.02135352773101,0.19832815824211317,120.0,26.030000686645508,0.9631013972299037,2.0,2.0,3.0,4.0,0.0019,0.0706,15.0,8.0,7.0,0.9509178847148442
ADNT_W_scan_rdp_wiggle_base_v1_22bed501_0_488,ADNT,W,rdp_wiggle_base,scan_rdp_wiggle_base_v1,2026-02-25T21:05:21.863323Z,2026-02-26T03:43:07.091Z,no,0,labels,1.0,1,1.0,3,489,489,,,,,24.69499969482422,,,,,,,,,,,1.0
ZF=F_W_scan_base_box_detector_rdp_hybrid_v1_pattern_v1_6a4f6c82_0_1326,ZF=F,W,base_box_detector_rdp_hybrid_v1_pattern,scan_base_box_detector_rdp_hybrid_v1_pattern_v1,2026-02-24T01:16:17.653889Z,2026-02-24T01:16:57.596Z,no,0,labels,1.0,0,1.0,4,1327,1327,125.37890625,113.4375,0.09524254603233948,360.0,109.5859375,-0.3225384363755316,2.0,2.0,3.0,4.0,0.0034,0.011,22.0,11.0,11.0,1.0
ZT=F_W_scan_base_box_detector_rdp_hybrid_v1_pattern_v1_6a4f6c82_0_1342,ZT=F,W,base_box_detector_rdp_hybrid_v1_pattern,scan_base_box_detector_rdp_hybrid_v1_pattern_v1,2026-02-24T01:16:18.457729Z,2026-02-23T23:23:10.791Z,no,0,labels,1.0,0,1.0,4,1343,1343,108.90234375,101.068359375,0.07193586570536964,360.0,104.3203125,0.4151084517576664,2.0,3.0,4.0,5.0,0.1032,0.0147,14.0,7.0,7.0,1.0
EEM_W_scan_base_box_detector_rdp_hybrid_v1_pattern_v1_6a4f6c82_0_1192,EEM,W,base_box_detector_rdp_hybrid_v1_pattern,scan_base_box_detector_rdp_hybrid_v1_pattern_v1,2026-02-24T01:15:38.460812Z,2026-02-05T22:06:19.169Z,no,0,labels,0.85636541591222,0,0.75,4,1193,1193,36.13016299832005,22.67522223974413,0.37240188368930244,360.0,62.34000015258789,2.947971204374288,2.0,2.0,3.0,4.0,0.0135,0.0015,12.0,6.0,6.0,0.85636541591222
XLP_W_scan_base_box_detector_rdp_hybrid_v1_pattern_v1_6a4f6c82_0_1417,XLP,W,base_box_detector_rdp_hybrid_v1_pattern,scan_base_box_detector_rdp_hybrid_v1_pattern_v1,2026-02-24T01:16:15.593531Z,2026-02-24T01:19:54.615Z,yes,1,labels,0.9803792512503154,0,1.0,4,1418,1418,73.45635295590928,61.248275873047405,0.16619497962537744,240.0,87.88999938964844,2.1823030224802245,5.0,4.0,8.0,10.0,0.0651,0.1034,15.0,7.0,8.0,0.9803792512503154
AMN_W_scan_rdp_wiggle_base_v1_9797e66f_0_1267,AMN,W,rdp_wiggle_base,scan_rdp_wiggle_base_v1,2026-02-25T23:28:06.964577Z,2026-02-26T05:32:46.871Z,no,0,labels,1.0,1,1.0,3,1268,1268,,,,,20.010000228881836,,,,,,,,,,,1.0
BWXT_W_scan_base_box_detector_rdp_hybrid_v1_pattern_v1_6a4f6c82_0_811,BWXT,W,base_box_detector_rdp_hybrid_v1_pattern,scan_base_box_detector_rdp_hybrid_v1_pattern_v1,2026-02-24T01:15:31.691542Z,2026-02-23T06:53:25.847Z,yes,1,labels,0.8564853083193693,0,0.75,4,812,812,65.30658439680182,38.370310080536115,0.41245878290925936,180.0,206.44000244140625,3.0,2.0,2.0,3.0,4.0,0.004,0.0153,12.0,6.0,6.0,0.8564853083193693
AMWD_W_scan_rdp_wiggle_base_v1_9797e66f_0_2067,AMWD,W,rdp_wiggle_base,scan_rdp_wiggle_base_v1,2026-02-25T23:28:24.340332Z,2026-02-26T05:35:34.404Z,no,0,labels,1.0,1,1.0,3,2068,2068,,,,,51.959999084472656,,,,,,,,,,,1.0
AGM_W_scan_rdp_wiggle_base_v1_9797e66f_0_1672,AGM,W,rdp_wiggle_base,scan_rdp_wiggle_base_v1,2026-02-25T23:26:57.956590Z,2026-02-26T03:56:02.008Z,no,0,labels,1.0,1,1.0,3,1673,1673,,,,,160.0399932861328,,,,,,,,,,,1.0
ASST_W_scan_rdp_wiggle_base_v1_9797e66f_0_160,ASST,W,rdp_wiggle_base,scan_rdp_wiggle_base_v1,2026-02-25T23:29:48.818503Z,2026-02-26T22:36:25.925Z,no,0,labels,1.0,1,1.0,3,161,161,,,,,8.539999961853027,,,,,,,,,,,1.0
TVRD_W_scan_base_box_detector_rdp_hybrid_v1_pattern_v1_45bf43ee_0_630,TVRD,W,base_box_detector_rdp_hybrid_v1_pattern,scan_base_box_detector_rdp_hybrid_v1_pattern_v1,2026-02-24T04:27:20.780847Z,2026-02-24T20:24:41.364Z,no,0,labels,0.8172211492680697,0,0.75,4,631,631,619.6500244140625,409.40999603271484,0.33928834035010236,45.0,3.7300000190734863,-1.929603982348173,2.0,3.0,5.0,7.0,0.0473,0.2731,31.0,16.0,15.0,0.8172211492680697
AGYS_W_scan_rdp_wiggle_base_v1_9797e66f_0_2397,AGYS,W,rdp_wiggle_base,scan_rdp_wiggle_base_v1,2026-02-25T23:27:00.901534Z,2026-02-26T03:57:00.688Z,no,0,labels,1.0,1,1.0,3,2398,2398,,,,,71.0,,,,,,,,,,,1.0
INTA_W_scan_base_box_detector_rdp_hybrid_v1_pattern_v1_6a4f6c82_0_242,INTA,W,base_box_detector_rdp_hybrid_v1_pattern,scan_base_box_detector_rdp_hybrid_v1_pattern_v1,2026-02-24T01:15:47.320033Z,2026-02-23T07:36:57.340Z,yes,1,labels,0.861290339351301,0,0.75,4,243,243,49.20249938964844,30.41550064086914,0.3818301708618452,90.0,21.829999923706055,-0.45699160531007843,2.0,2.0,3.0,4.0,0.0629,0.0258,9.0,5.0,4.0,0.861290339351301
MGC=F_W_scan_base_box_detector_rdp_hybrid_v1_pattern_v1_6a4f6c82_0_801,MGC=F,W,base_box_detector_rdp_hybrid_v1_pattern,scan_base_box_detector_rdp_hybrid_v1_pattern_v1,2026-02-24T01:15:55.484903Z,2026-02-23T04:59:33.899Z,yes,1,labels,0.9631552252947682,0,0.75,4,802,802,1904.7499694824219,1686.1500244140625,0.11476569028519769,60.0,5192.7001953125,3.0,2.0,3.0,4.0,5.0,0.0024,0.0143,32.0,16.0,16.0,0.9631552252947682
AIN_W_scan_rdp_wiggle_base_v1_9797e66f_0_2004,AIN,W,rdp_wiggle_base,scan_rdp_wiggle_base_v1,2026-02-25T23:27:08.092593Z,2026-02-26T03:58:49.235Z,no,0,labels,1.0,1,1.0,3,2005,2005,,,,,56.90999984741211,,,,,,,,,,,1.0
ALIT_W_scan_base_box_detector_rdp_hybrid_v1_pattern_v1_6a4f6c82_0_292,ALIT,W,base_box_detector_rdp_hybrid_v1_pattern,scan_base_box_detector_rdp_hybrid_v1_pattern_v1,2026-02-24T01:15:28.519774Z,2026-02-23T07:18:41.170Z,yes,1,labels,0.9019978665943764,0,0.75,4,293,293,9.685838223575534,7.470294740961917,0.22874050045776498,45.0,0.7540000081062317,-2.0,3.0,2.0,4.0,5.0,0.0086,0.0287,32.0,16.0,16.0,0.9019978665943764
ZF=F_W_scan_base_box_detector_rdp_hybrid_v1_pattern_v1_6a4f6c82_0_1326,ZF=F,W,base_box_detector_rdp_hybrid_v1_pattern,scan_base_box_detector_rdp_hybrid_v1_pattern_v1,2026-02-24T01:16:17.653889Z,2026-02-23T23:21:26.989Z,no,0,labels,1.0,0,1.0,4,1327,1327,125.37890625,113.4375,0.09524254603233948,360.0,109.5859375,-0.3225384363755316,2.0,2.0,3.0,4.0,0.0034,0.011,22.0,11.0,11.0,1.0
XLE_W_scan_base_box_detector_rdp_hybrid_v1_pattern_v1_6a4f6c82_0_1417,XLE,W,base_box_detector_rdp_hybrid_v1_pattern,scan_base_box_detector_rdp_hybrid_v1_pattern_v1,2026-02-24T01:16:15.137538Z,2026-02-23T23:19:53.401Z,no,0,labels,0.7745021642070276,0,0.75,4,1418,1418,42.34624599254481,16.631873700357975,0.6072408944281373,720.0,54.880001068115234,1.4874221673837529,3.0,2.0,9.0,10.0,0.0311,0.0807,12.0,6.0,6.0,0.7745021642070276
ASIX_W_scan_rdp_wiggle_base_v1_9797e66f_0_493,ASIX,W,rdp_wiggle_base,scan_rdp_wiggle_base_v1,2026-02-25T23:29:40.667210Z,2026-02-26T22:31:27.934Z,no,0,labels,1.0,1,1.0,3,494,494,,,,,18.149999618530273,,,,,,,,,,,1.0
MNQ=F_W_scan_base_box_detector_rdp_hybrid_v1_pattern_v1_6a4f6c82_0_355,MNQ=F,W,base_box_detector_rdp_hybrid_v1_pattern,scan_base_box_detector_rdp_hybrid_v1_pattern_v1,2026-02-24T01:15:56.344327Z,2026-02-24T01:20:14.735Z,no,0,labels,0.9672638539159787,0,1.0,4,356,356,21985.875,16675.875,0.24151870234866704,45.0,24838.25,1.5371704331450093,2.0,2.0,3.0,4.0,0.0116,0.0542,12.0,6.0,6.0,0.9672638539159787
ZB=F_W_scan_base_box_detector_rdp_hybrid_v1_pattern_v1_6a4f6c82_0_1326,ZB=F,W,base_box_detector_rdp_hybrid_v1_pattern,scan_base_box_detector_rdp_hybrid_v1_pattern_v1,2026-02-24T01:16:17.170916Z,2026-02-23T23:20:47.649Z,yes,1,labels,0.995036905532291,0,1.0,4,1327,1327,126.0234375,110.3125,0.12466679065154052,90.0,117.5,0.4574838388861263,2.0,3.0,4.0,5.0,0.004,0.0454,48.0,24.0,24.0,0.995036905532291
ACIC_W_scan_rdp_wiggle_base_v1_22bed501_0_955,ACIC,W,rdp_wiggle_base,scan_rdp_wiggle_base_v1,2026-02-25T21:04:49.091849Z,2026-02-26T03:25:46.621Z,no,0,labels,1.0,1,1.0,3,956,956,,,,,11.305000305175781,,,,,,,,,,,1.0
ZB=F_W_scan_base_box_detector_rdp_hybrid_v1_pattern_v1_6a4f6c82_0_1326,ZB=F,W,base_box_detector_rdp_hybrid_v1_pattern,scan_base_box_detector_rdp_hybrid_v1_pattern_v1,2026-02-24T01:16:17.170916Z,2026-02-24T01:19:01.492Z,yes,1,labels,0.995036905532291,0,1.0,4,1327,1327,126.0234375,110.3125,0.12466679065154052,90.0,117.5,0.4574838388861263,2.0,3.0,4.0,5.0,0.004,0.0454,48.0,24.0,24.0,0.995036905532291
ABCB_W_scan_rdp_wiggle_base_v1_22bed501_0_1658,ABCB,W,rdp_wiggle_base,scan_rdp_wiggle_base_v1,2026-02-25T21:04:25.586857Z,2026-02-26T03:22:08.352Z,no,0,labels,1.0,1,1.0,3,1659,1659,,,,,81.21499633789062,,,,,,,,,,,1.0
DAWN_W_scan_base_box_detector_rdp_hybrid_v1_pattern_v1_6a4f6c82_0_247,DAWN,W,base_box_detector_rdp_hybrid_v1_pattern,scan_base_box_detector_rdp_hybrid_v1_pattern_v1,2026-02-24T01:15:35.472828Z,2026-02-23T06:57:41.916Z,yes,1,labels,0.9246466350053709,0,1.0,4,248,248,17.90500020980835,12.234999656677246,0.31667134804193303,60.0,11.779999732971191,-0.08024689229612039,4.0,3.0,6.0,7.0,0.0007,0.0282,37.0,18.0,19.0,0.9246466350053709
MGC=F_W_scan_base_box_detector_rdp_hybrid_v1_pattern_v1_6a4f6c82_0_801,MGC=F,W,base_box_detector_rdp_hybrid_v1_pattern,scan_base_box_detector_rdp_hybrid_v1_pattern_v1,2026-02-24T01:15:55.484903Z,2026-02-23T07:42:02.109Z,yes,1,labels,0.9631552252947682,0,0.75,4,802,802,1904.7499694824219,1686.1500244140625,0.11476569028519769,60.0,5192.7001953125,3.0,2.0,3.0,4.0,5.0,0.0024,0.0143,32.0,16.0,16.0,0.9631552252947682
DAWN_W_scan_base_box_detector_rdp_hybrid_v1_pattern_v1_6a4f6c82_0_247,DAWN,W,base_box_detector_rdp_hybrid_v1_pattern,scan_base_box_detector_rdp_hybrid_v1_pattern_v1,2026-02-24T01:15:35.472828Z,2026-02-23T07:26:58.347Z,yes,1,labels,0.9246466350053709,0,1.0,4,248,248,17.90500020980835,12.234999656677246,0.31667134804193303,60.0,11.779999732971191,-0.08024689229612039,4.0,3.0,6.0,7.0,0.0007,0.0282,37.0,18.0,19.0,0.9246466350053709
CTS_W_scan_base_box_detector_rdp_hybrid_v1_pattern_v1_45bf43ee_0_2397,CTS,W,base_box_detector_rdp_hybrid_v1_pattern,scan_base_box_detector_rdp_hybrid_v1_pattern_v1,2026-02-24T04:02:45.703545Z,2026-02-24T20:20:47.898Z,no,0,labels,0.8201458073608772,0,1.0,4,2398,2398,51.64683196257562,21.832358852464623,0.5772759330468747,360.0,52.209999084472656,1.0188890516299633,2.0,2.0,7.0,8.0,0.0045,0.1932,10.0,5.0,5.0,0.8201458073608772
AMLX_W_scan_rdp_wiggle_base_v1_9797e66f_0_216,AMLX,W,rdp_wiggle_base,scan_rdp_wiggle_base_v1,2026-02-25T23:28:05.276077Z,2026-02-26T05:32:44.222Z,no,0,labels,1.0,1,1.0,3,217,217,,,,,14.369999885559082,,,,,,,,,,,1.0
ALKS_W_scan_rdp_wiggle_base_v1_9797e66f_0_1806,ALKS,W,rdp_wiggle_base,scan_rdp_wiggle_base_v1,2026-02-25T23:27:35.701953Z,2026-02-26T05:27:28.776Z,no,0,labels,1.0,1,1.0,3,1807,1807,,,,,31.040000915527344,,,,,,,,,,,1.0
GTLS_W_scan_base_box_detector_rdp_hybrid_v1_pattern_v1_6a4f6c82_0_1021,GTLS,W,base_box_detector_rdp_hybrid_v1_pattern,scan_base_box_detector_rdp_hybrid_v1_pattern_v1,2026-02-24T01:15:45.155501Z,2026-02-23T07:33:20.457Z,yes,1,labels,0.9032794349527655,0,1.0,4,1022,1022,181.4074935913086,101.52000045776367,0.44037592688162475,90.0,207.1699981689453,1.3224848291906033,2.0,3.0,4.0,5.0,0.0008,0.0003,16.0,8.0,8.0,0.9032794349527655
ABR_W_scan_rdp_wiggle_base_v1_22bed501_0_1142,ABR,W,rdp_wiggle_base,scan_rdp_wiggle_base_v1,2026-02-25T21:04:30.081147Z,2026-02-26T03:23:05.249Z,no,0,labels,1.0,1,1.0,3,1143,1143,,,,,7.144999980926514,,,,,,,,,,,1.0
ALG_W_scan_rdp_wiggle_base_v1_9797e66f_0_1719,ALG,W,rdp_wiggle_base,scan_rdp_wiggle_base_v1,2026-02-25T23:27:28.639488Z,2026-02-26T05:26:34.059Z,no,0,labels,1.0,1,1.0,3,1720,1720,,,,,213.08999633789062,,,,,,,,,,,1.0
ATNI_W_scan_rdp_wiggle_base_v1_9797e66f_0_1789,ATNI,W,rdp_wiggle_base,scan_rdp_wiggle_base_v1,2026-02-25T23:30:07.382290Z,2026-02-27T04:18:24.535Z,no,0,labels,1.0,1,1.0,3,1790,1790,,,,,28.530000686645508,,,,,,,,,,,1.0
ACAD_W_scan_base_box_detector_rdp_hybrid_v1_pattern_v1_45bf43ee_0_1135,ACAD,W,base_box_detector_rdp_hybrid_v1_pattern,scan_base_box_detector_rdp_hybrid_v1_pattern_v1,2026-02-24T03:58:01.429325Z,2026-02-24T20:21:36.399Z,no,0,labels,0.8188516586035158,0,1.0,4,1136,1136,42.4900016784668,16.389999628067017,0.6142622033273962,240.0,24.729999542236328,0.3195402014936457,4.0,2.0,8.0,9.0,0.0137,0.001,22.0,11.0,11.0,0.8188516586035158
SFIX_W_scan_base_box_detector_rdp_hybrid_v1_pattern_v1_45bf43ee_0_432,SFIX,W,base_box_detector_rdp_hybrid_v1_pattern,scan_base_box_detector_rdp_hybrid_v1_pattern_v1,2026-02-24T04:22:14.696215Z,2026-02-24T20:21:16.997Z,yes,1,labels,0.8195171674675497,0,0.75,4,433,433,32.34000015258789,16.989999771118164,0.4746444127719461,90.0,3.2100000381469727,-0.8977198300011892,3.0,2.0,9.0,10.0,0.0393,0.0229,24.0,12.0,12.0,0.8195171674675497
ASB_W_scan_rdp_wiggle_base_v1_9797e66f_0_2397,ASB,W,rdp_wiggle_base,scan_rdp_wiggle_base_v1,2026-02-25T23:29:35.301687Z,2026-02-26T22:27:11.439Z,no,0,labels,1.0,1,1.0,3,2398,2398,,,,,27.610000610351562,,,,,,,,,,,1.0
SEDG_W_scan_base_box_detector_rdp_hybrid_v1_pattern_v1_6a4f6c82_0_569,SEDG,W,base_box_detector_rdp_hybrid_v1_pattern,scan_base_box_detector_rdp_hybrid_v1_pattern_v1,2026-02-24T01:16:07.915800Z,2026-02-23T23:08:45.937Z,yes,1,labels,0.8115779927851756,0,0.75,4,570,570,383.35499572753906,199.7125015258789,0.4790403053262411,90.0,37.900001525878906,-0.8811277624138106,3.0,2.0,4.0,5.0,0.0021,0.0064,13.0,6.0,7.0,0.8115779927851756
EWZ_W_scan_base_box_detector_rdp_hybrid_v1_pattern_v1_6a4f6c82_0_1336,EWZ,W,base_box_detector_rdp_hybrid_v1_pattern,scan_base_box_detector_rdp_hybrid_v1_pattern_v1,2026-02-24T01:15:41.454137Z,2026-02-23T07:31:13.008Z,yes,1,labels,0.882906507394514,0,1.0,4,1337,1337,33.32863525843935,17.512831968561716,0.4745409815684792,720.0,39.369998931884766,1.381982727194893,6.0,2.0,13.0,16.0,0.0294,0.0236,25.0,12.0,13.0,0.882906507394514
OSPN_W_scan_base_box_detector_rdp_hybrid_v1_pattern_v1_45bf43ee_0_1449,OSPN,W,base_box_detector_rdp_hybrid_v1_pattern,scan_base_box_detector_rdp_hybrid_v1_pattern_v1,2026-02-24T04:16:55.663460Z,2026-02-24T20:25:57.461Z,no,0,labels,0.8162654549669318,0,1.0,4,1450,1450,19.54226676405927,7.523291660716234,0.6150246155398651,180.0,10.75,0.26846784451581635,2.0,2.0,3.0,4.0,0.0208,0.004,26.0,13.0,13.0,0.8162654549669318
MGC=F_W_scan_base_box_detector_rdp_hybrid_v1_pattern_v1_6a4f6c82_0_801,MGC=F,W,base_box_detector_rdp_hybrid_v1_pattern,scan_base_box_detector_rdp_hybrid_v1_pattern_v1,2026-02-24T01:15:55.484903Z,2026-02-23T05:15:03.475Z,yes,1,labels,0.9631552252947682,0,0.75,4,802,802,1904.7499694824219,1686.1500244140625,0.11476569028519769,60.0,5192.7001953125,3.0,2.0,3.0,4.0,5.0,0.0024,0.0143,32.0,16.0,16.0,0.9631552252947682
EWG_W_scan_base_box_detector_rdp_hybrid_v1_pattern_v1_6a4f6c82_0_1561,EWG,W,base_box_detector_rdp_hybrid_v1_pattern,scan_base_box_detector_rdp_hybrid_v1_pattern_v1,2026-02-24T01:15:40.936805Z,2026-02-23T07:30:57.665Z,no,0,labels,0.8441592962304977,0,0.75,4,1562,1562,30.16460655184056,17.117723583865953,0.4325228955183744,540.0,44.31999969482422,2.084963602243543,2.0,3.0,7.0,8.0,0.0186,0.0484,12.0,6.0,6.0,0.8441592962304977
VTI_W_scan_base_box_detector_rdp_hybrid_v1_pattern_v1_6a4f6c82_0_1288,VTI,W,base_box_detector_rdp_hybrid_v1_pattern,scan_base_box_detector_rdp_hybrid_v1_pattern_v1,2026-02-24T01:16:13.895347Z,2026-02-23T23:19:03.651Z,no,0,labels,0.7493507662973127,0,0.75,4,1289,1289,247.7689672873908,105.00428823293748,0.5762008076211518,360.0,340.2699890136719,1.6479265203335014,2.0,2.0,7.0,8.0,0.1033,0.2283,10.0,5.0,5.0,0.7493507662973127
ACT_W_scan_rdp_wiggle_base_v1_22bed501_0_232,ACT,W,rdp_wiggle_base,scan_rdp_wiggle_base_v1,2026-02-25T21:05:08.373913Z,2026-02-26T03:40:54.465Z,no,0,labels,1.0,1,1.0,3,233,233,,,,,42.06999969482422,,,,,,,,,,,1.0
MAC_W_scan_base_box_detector_rdp_hybrid_v1_pattern_v1_45bf43ee_0_1668,MAC,W,base_box_detector_rdp_hybrid_v1_pattern,scan_base_box_detector_rdp_hybrid_v1_pattern_v1,2026-02-24T04:11:59.494742Z,2026-02-24T20:20:42.621Z,no,0,labels,0.8207038118435052,0,0.75,4,1669,1669,52.984935034759374,30.391088901553474,0.42642019129369135,360.0,20.219999313354492,-0.45017079111867786,2.0,2.0,6.0,7.0,0.0153,0.0048,12.0,6.0,6.0,0.8207038118435052
ADAM_W_scan_rdp_wiggle_base_v1_22bed501_0_1126,ADAM,W,rdp_wiggle_base,scan_rdp_wiggle_base_v1,2026-02-25T21:05:14.334907Z,2026-02-26T03:41:08.163Z,no,0,labels,1.0,1,1.0,3,1127,1127,,,,,8.135000228881836,,,,,,,,,,,1.0
BROS_W_scan_base_box_detector_rdp_hybrid_v1_pattern_v1_6a4f6c82_0_231,BROS,W,base_box_detector_rdp_hybrid_v1_pattern,scan_base_box_detector_rdp_hybrid_v1_pattern_v1,2026-02-24T01:15:31.158502Z,2026-02-23T06:52:58.944Z,yes,1,labels,0.9144959771937242,0,1.0,4,232,232,42.977500915527344,25.800750255584717,0.39966843799744617,120.0,48.810001373291016,1.339557846139402,3.0,5.0,11.0,12.0,0.0118,0.0143,29.0,15.0,14.0,0.9144959771937242
ACLX_W_scan_base_box_detector_rdp_hybrid_v1_pattern_v1_6a4f6c82_0_211,ACLX,W,base_box_detector_rdp_hybrid_v1_pattern,scan_base_box_detector_rdp_hybrid_v1_pattern_v1,2026-02-24T01:15:27.278198Z,2026-02-11T00:12:03.128Z,no,0,labels,0.8115584574944235,0,1.0,4,212,212,100.72000122070312,47.86500072479248,0.5247716427255784,120.0,64.11000061035156,0.3073502929361612,2.0,2.0,4.0,5.0,0.044,0.2176,7.0,4.0,3.0,0.8115584574944235
ATRC_W_scan_base_box_detector_rdp_hybrid_v1_pattern_v1_45bf43ee_0_1073,ATRC,W,base_box_detector_rdp_hybrid_v1_pattern,scan_base_box_detector_rdp_hybrid_v1_pattern_v1,2026-02-24T03:59:29.567929Z,2026-02-24T20:23:34.223Z,no,0,labels,0.8175683942998841,0,1.0,4,1074,1074,59.61000061035156,22.56999969482422,0.6213722619740281,360.0,31.790000915527344,0.24892011319681304,2.0,3.0,9.0,10.0,0.0044,0.0,14.0,7.0,7.0,0.8175683942998841
ALGT_W_scan_rdp_wiggle_base_v1_9797e66f_0_1003,ALGT,W,rdp_wiggle_base,scan_rdp_wiggle_base_v1,2026-02-25T23:27:30.026258Z,2026-02-26T05:26:27.357Z,no,0,labels,1.0,1,1.0,3,1004,1004,,,,,102.73999786376953,,,,,,,,,,,1.0
OI_W_scan_base_box_detector_rdp_hybrid_v1_pattern_v1_45bf43ee_0_1785,OI,W,base_box_detector_rdp_hybrid_v1_pattern,scan_base_box_detector_rdp_hybrid_v1_pattern_v1,2026-02-24T04:16:11.009112Z,2026-02-24T20:26:15.953Z,yes,1,labels,0.8158300655033179,0,0.75,4,1786,1786,37.993050664356915,24.590368908914293,0.3527666644578324,120.0,14.739999771118164,-0.7349550871635109,2.0,2.0,4.0,5.0,0.0612,0.0135,24.0,12.0,12.0,0.8158300655033179
EEM_W_scan_base_box_detector_rdp_hybrid_v1_pattern_v1_6a4f6c82_0_1192,EEM,W,base_box_detector_rdp_hybrid_v1_pattern,scan_base_box_detector_rdp_hybrid_v1_pattern_v1,2026-02-24T01:15:38.460812Z,2026-02-23T07:29:41.445Z,yes,1,labels,0.85636541591222,0,0.75,4,1193,1193,36.13016299832005,22.67522223974413,0.37240188368930244,360.0,62.34000015258789,2.947971204374288,2.0,2.0,3.0,4.0,0.0135,0.0015,12.0,6.0,6.0,0.85636541591222
ALIT_W_scan_base_box_detector_rdp_hybrid_v1_pattern_v1_6a4f6c82_0_292,ALIT,W,base_box_detector_rdp_hybrid_v1_pattern,scan_base_box_detector_rdp_hybrid_v1_pattern_v1,2026-02-24T01:15:28.519774Z,2026-02-23T06:48:38.776Z,yes,1,labels,0.9019978665943764,0,0.75,4,293,293,9.685838223575534,7.470294740961917,0.22874050045776498,45.0,0.7540000081062317,-2.0,3.0,2.0,4.0,5.0,0.0086,0.0287,32.0,16.0,16.0,0.9019978665943764
AMPH_W_scan_rdp_wiggle_base_v1_9797e66f_0_609,AMPH,W,rdp_wiggle_base,scan_rdp_wiggle_base_v1,2026-02-25T23:28:08.730234Z,2026-02-26T05:33:21.855Z,no,0,labels,1.0,1,1.0,3,610,610,,,,,27.969999313354492,,,,,,,,,,,1.0
ZETA_W_scan_base_box_detector_rdp_hybrid_v1_pattern_v1_45bf43ee_0_246,ZETA,W,base_box_detector_rdp_hybrid_v1_pattern,scan_base_box_detector_rdp_hybrid_v1_pattern_v1,2026-02-24T04:31:36.106943Z,2026-02-24T20:21:03.641Z,no,0,labels,0.8199181505427596,0,1.0,4,247,247,38.20000076293945,16.327500343322754,0.5725785335804698,45.0,14.979999542236328,-0.061607076248031446,2.0,2.0,6.0,7.0,0.0196,0.074,10.0,5.0,5.0,0.8199181505427596
ACA_W_scan_rdp_wiggle_base_v1_22bed501_0_381,ACA,W,rdp_wiggle_base,scan_rdp_wiggle_base_v1,2026-02-25T21:04:35.402607Z,2026-02-26T03:24:40.288Z,no,0,labels,1.0,1,1.0,3,382,382,,,,,127.5,,,,,,,,,,,1.0
ATOM-USD_W_scan_base_box_detector_rdp_hybrid_v1_pattern_v1_6a4f6c82_0_363,ATOM-USD,W,base_box_detector_rdp_hybrid_v1_pattern,scan_base_box_detector_rdp_hybrid_v1_pattern_v1,2026-02-24T01:15:30.329460Z,2026-02-23T06:52:05.709Z,no,0,labels,0.7784981376706077,0,0.75,4,364,364,44.52104949951172,21.384303092956543,0.5196810647244272,45.0,2.188035249710083,-0.8296874377206171,3.0,2.0,6.0,9.0,0.003,0.1041,28.0,14.0,14.0,0.7784981376706077
MGC=F_W_scan_base_box_detector_rdp_hybrid_v1_pattern_v1_6a4f6c82_0_801,MGC=F,W,base_box_detector_rdp_hybrid_v1_pattern,scan_base_box_detector_rdp_hybrid_v1_pattern_v1,2026-02-24T01:15:55.484903Z,2026-02-23T05:14:59.773Z,yes,1,labels,0.9631552252947682,0,0.75,4,802,802,1904.7499694824219,1686.1500244140625,0.11476569028519769,60.0,5192.7001953125,3.0,2.0,3.0,4.0,5.0,0.0024,0.0143,32.0,16.0,16.0,0.9631552252947682
AMSF_W_scan_rdp_wiggle_base_v1_9797e66f_0_1058,AMSF,W,rdp_wiggle_base,scan_rdp_wiggle_base_v1,2026-02-25T23:28:20.930363Z,2026-02-26T05:35:04.439Z,no,0,labels,1.0,1,1.0,3,1059,1059,,,,,36.88999938964844,,,,,,,,,,,1.0
MGC=F_W_scan_base_box_detector_rdp_hybrid_v1_pattern_v1_6a4f6c82_0_801,MGC=F,W,base_box_detector_rdp_hybrid_v1_pattern,scan_base_box_detector_rdp_hybrid_v1_pattern_v1,2026-02-24T01:15:55.484903Z,2026-02-24T01:20:25.367Z,yes,1,labels,0.9631552252947682,0,0.75,4,802,802,1904.7499694824219,1686.1500244140625,0.11476569028519769,60.0,5192.7001953125,3.0,2.0,3.0,4.0,5.0,0.0024,0.0143,32.0,16.0,16.0,0.9631552252947682
ES=F_W_scan_base_box_detector_rdp_hybrid_v1_pattern_v1_0fd28b78_0_1326,ES=F,W,base_box_detector_rdp_hybrid_v1_pattern,scan_base_box_detector_rdp_hybrid_v1_pattern_v1,2026-02-23T07:08:57.234233Z,2026-02-23T07:30:02.497Z,no,0,labels,0.7636511168425276,0,0.75,4,1327,1327,4808.25,2174.0,0.5478604481880102,540.0,6923.25,1.8028850716522729,2.0,3.0,9.0,10.0,0.1042,0.2057,13.0,6.0,7.0,0.7636511168425276
LPRO_W_scan_base_box_detector_rdp_hybrid_v1_pattern_v1_6a4f6c82_0_412,LPRO,W,base_box_detector_rdp_hybrid_v1_pattern,scan_base_box_detector_rdp_hybrid_v1_pattern_v1,2026-02-24T01:15:53.610478Z,2026-02-23T07:40:32.468Z,yes,1,labels,0.8849018240286437,0,0.75,4,413,413,42.959999084472656,32.089999198913574,0.2530260734918848,45.0,1.4600000381469727,-2.0,8.0,7.0,14.0,17.0,0.0167,0.0378,40.0,20.0,20.0,0.8849018240286437
ENPH_W_scan_base_box_detector_rdp_hybrid_v1_pattern_v1_6a4f6c82_0_725,ENPH,W,base_box_detector_rdp_hybrid_v1_pattern,scan_base_box_detector_rdp_hybrid_v1_pattern_v1,2026-02-24T01:15:38.824966Z,2026-02-23T07:29:49.220Z,yes,1,labels,0.8630106788055377,0,0.75,4,726,726,140.63999938964844,93.94249725341797,0.3320357106007465,45.0,46.560001373291016,-1.0146687448484537,3.0,2.0,4.0,5.0,0.0596,0.0077,16.0,8.0,8.0,0.8630106788055377
CROX_W_scan_base_box_detector_rdp_hybrid_v1_pattern_v1_6a4f6c82_0_1045,CROX,W,base_box_detector_rdp_hybrid_v1_pattern,scan_base_box_detector_rdp_hybrid_v1_pattern_v1,2026-02-24T01:15:33.860999Z,2026-02-23T07:26:28.976Z,no,0,labels,0.8444624263312063,0,1.0,4,1046,1046,161.82000732421875,73.40749931335449,0.5463632678851821,180.0,100.04000091552734,0.3012300205181399,2.0,2.0,3.0,4.0,0.0154,0.0063,10.0,5.0,5.0,0.8444624263312063
ACRS_W_scan_rdp_wiggle_base_v1_22bed501_0_542,ACRS,W,rdp_wiggle_base,scan_rdp_wiggle_base_v1,2026-02-25T21:05:06.428031Z,2026-02-26T03:27:56.140Z,no,0,labels,1.0,1,1.0,3,543,543,,,,,3.2750000953674316,,,,,,,,,,,1.0
AOSL_W_scan_rdp_wiggle_base_v1_9797e66f_0_826,AOSL,W,rdp_wiggle_base,scan_rdp_wiggle_base_v1,2026-02-25T23:28:42.407579Z,2026-02-26T22:17:17.979Z,no,0,labels,1.0,1,1.0,3,827,827,,,,,22.6299991607666,,,,,,,,,,,1.0
ATMU_W_scan_rdp_wiggle_base_v1_9797e66f_0_144,ATMU,W,rdp_wiggle_base,scan_rdp_wiggle_base_v1,2026-02-25T23:30:05.780905Z,2026-02-27T04:18:19.002Z,no,0,labels,1.0,1,1.0,3,145,145,,,,,64.66000366210938,,,,,,,,,,,1.0
SMCI_W_scan_base_box_detector_rdp_hybrid_v1_pattern_v1_6a4f6c82_0_986,SMCI,W,base_box_detector_rdp_hybrid_v1_pattern,scan_base_box_detector_rdp_hybrid_v1_pattern_v1,2026-02-24T01:16:09.279864Z,2026-02-23T23:17:35.654Z,no,0,labels,0.8321653193370666,0,1.0,4,987,987,64.4000015258789,27.675000190734863,0.5702639823756251,60.0,32.41999816894531,0.12920348007366078,2.0,2.0,5.0,6.0,0.0138,0.0291,12.0,6.0,6.0,0.8321653193370666
PRCT_W_scan_base_box_detector_rdp_hybrid_v1_pattern_v1_6a4f6c82_0_231,PRCT,W,base_box_detector_rdp_hybrid_v1_pattern,scan_base_box_detector_rdp_hybrid_v1_pattern_v1,2026-02-24T01:16:02.235597Z,2026-02-23T22:57:13.984Z,yes,1,labels,0.9187083170721883,0,1.0,4,232,232,38.78000068664551,25.290000915527344,0.3478597094446069,45.0,27.270000457763672,0.1467753577339171,3.0,3.0,6.0,8.0,0.0734,0.0315,35.0,18.0,17.0,0.9187083170721883
ARDX_W_scan_rdp_wiggle_base_v1_9797e66f_0_610,ARDX,W,rdp_wiggle_base,scan_rdp_wiggle_base_v1,2026-02-25T23:29:07.987055Z,2026-02-26T22:22:16.981Z,no,0,labels,1.0,1,1.0,3,611,611,,,,,6.559999942779541,,,,,,,,,,,1.0
ADTN_W_scan_rdp_wiggle_base_v1_9797e66f_0_1646,ADTN,W,rdp_wiggle_base,scan_rdp_wiggle_base_v1,2026-02-25T23:26:41.680782Z,2026-02-26T03:43:36.915Z,no,0,labels,1.0,1,1.0,3,1647,1647,,,,,10.6899995803833,,,,,,,,,,,1.0
SIG_W_scan_base_box_detector_rdp_hybrid_v1_pattern_v1_45bf43ee_0_1963,SIG,W,base_box_detector_rdp_hybrid_v1_pattern,scan_base_box_detector_rdp_hybrid_v1_pattern_v1,2026-02-24T04:22:40.300816Z,2026-02-24T20:26:35.861Z,no,0,labels,0.8155391026647433,0,1.0,4,1964,1964,109.8745795200181,45.668935625161076,0.5843539440636436,240.0,94.48999786376953,0.7603858364625653,3.0,2.0,4.0,7.0,0.0146,0.0921,24.0,12.0,12.0,0.8155391026647433
ARLO_W_scan_rdp_wiggle_base_v1_9797e66f_0_395,ARLO,W,rdp_wiggle_base,scan_rdp_wiggle_base_v1,2026-02-25T23:29:16.823128Z,2026-02-26T22:24:15.670Z,no,0,labels,1.0,1,1.0,3,396,396,,,,,11.90999984741211,,,,,,,,,,,1.0
DBA_W_scan_base_box_detector_rdp_hybrid_v1_pattern_v1_6a4f6c82_0_998,DBA,W,base_box_detector_rdp_hybrid_v1_pattern,scan_base_box_detector_rdp_hybrid_v1_pattern_v1,2026-02-24T01:15:35.658843Z,2026-02-05T22:02:40.267Z,no,0,labels,0.9509178847148442,0,1.0,4,999,999,26.221893339344298,21.02135352773101,0.19832815824211317,120.0,26.030000686645508,0.9631013972299037,2.0,2.0,3.0,4.0,0.0019,0.0706,15.0,8.0,7.0,0.9509178847148442
XPOF_W_scan_base_box_detector_rdp_hybrid_v1_pattern_v1_6a4f6c82_0_239,XPOF,W,base_box_detector_rdp_hybrid_v1_pattern,scan_base_box_detector_rdp_hybrid_v1_pattern_v1,2026-02-24T01:16:16.413937Z,2026-02-23T23:20:39.231Z,yes,1,labels,0.8310168292257922,0,1.0,4,240,240,18.46250057220459,7.8500001430511475,0.5748138172101469,60.0,8.289999961853027,0.041460523063270076,2.0,2.0,4.0,5.0,0.0047,0.0132,17.0,8.0,9.0,0.8310168292257922
ZF=F_W_scan_base_box_detector_rdp_hybrid_v1_pattern_v1_6a4f6c82_0_1326,ZF=F,W,base_box_detector_rdp_hybrid_v1_pattern,scan_base_box_detector_rdp_hybrid_v1_pattern_v1,2026-02-24T01:16:17.653889Z,2026-02-24T01:17:06.354Z,yes,1,labels,1.0,0,1.0,4,1327,1327,125.37890625,113.4375,0.09524254603233948,360.0,109.5859375,-0.3225384363755316,2.0,2.0,3.0,4.0,0.0034,0.011,22.0,11.0,11.0,1.0
AORT_W_scan_rdp_wiggle_base_v1_9797e66f_0_1724,AORT,W,rdp_wiggle_base,scan_rdp_wiggle_base_v1,2026-02-25T23:28:40.782539Z,2026-02-26T22:17:14.498Z,no,0,labels,1.0,1,1.0,3,1725,1725,,,,,35.779998779296875,,,,,,,,,,,1.0
DBA_W_scan_base_box_detector_rdp_hybrid_v1_pattern_v1_6a4f6c82_0_998,DBA,W,base_box_detector_rdp_hybrid_v1_pattern,scan_base_box_detector_rdp_hybrid_v1_pattern_v1,2026-02-24T01:15:35.658843Z,2026-02-24T01:22:13.792Z,yes,1,labels,0.9509178847148442,0,1.0,4,999,999,26.221893339344298,21.02135352773101,0.19832815824211317,120.0,26.030000686645508,0.9631013972299037,2.0,2.0,3.0,4.0,0.0019,0.0706,15.0,8.0,7.0,0.9509178847148442
AMAL_W_scan_rdp_wiggle_base_v1_9797e66f_0_394,AMAL,W,rdp_wiggle_base,scan_rdp_wiggle_base_v1,2026-02-25T23:27:54.861892Z,2026-02-26T05:31:09.222Z,no,0,labels,1.0,1,1.0,3,395,395,,,,,39.95000076293945,,,,,,,,,,,1.0
ALMU_W_scan_base_box_detector_rdp_hybrid_v1_pattern_v1_45bf43ee_0_156,ALMU,W,base_box_detector_rdp_hybrid_v1_pattern,scan_base_box_detector_rdp_hybrid_v1_pattern_v1,2026-02-24T03:58:35.783373Z,2026-02-24T20:30:33.706Z,yes,1,labels,0.8092484633683767,0,1.0,4,157,157,23.780000686645508,12.119999885559082,0.4903280262575647,45.0,15.630000114440918,0.3010291584675355,4.0,3.0,10.0,13.0,0.0838,0.2694,16.0,8.0,8.0,0.8092484633683767
AIV_W_scan_rdp_wiggle_base_v1_9797e66f_0_1649,AIV,W,rdp_wiggle_base,scan_rdp_wiggle_base_v1,2026-02-25T23:27:19.117951Z,2026-02-26T04:00:37.353Z,no,0,labels,1.0,1,1.0,3,1650,1650,,,,,5.75,,,,,,,,,,,1.0
PGNY_W_scan_base_box_detector_rdp_hybrid_v1_pattern_v1_6a4f6c82_0_330,PGNY,W,base_box_detector_rdp_hybrid_v1_pattern,scan_base_box_detector_rdp_hybrid_v1_pattern_v1,2026-02-24T01:16:00.295781Z,2026-02-23T22:57:09.285Z,yes,1,labels,0.868888201624542,0,0.75,4,331,331,44.23250102996826,29.456250190734863,0.33405867846410586,60.0,20.979999542236328,-0.5736401432759034,2.0,2.0,3.0,4.0,0.0107,0.0054,29.0,15.0,14.0,0.868888201624542
NEAR-USD_W_scan_base_box_detector_rdp_hybrid_v1_pattern_v1_6a4f6c82_0_280,NEAR-USD,W,base_box_detector_rdp_hybrid_v1_pattern,scan_base_box_detector_rdp_hybrid_v1_pattern_v1,2026-02-24T01:15:57.474435Z,2026-02-23T07:44:14.394Z,yes,1,labels,0.7666801799997705,0,0.75,4,281,281,8.507906913757324,3.4035986065864563,0.5999487722317669,60.0,0.9836183190345764,-0.4741054305344629,3.0,2.0,8.0,9.0,0.0061,0.045,29.0,15.0,14.0,0.7666801799997705
ZT=F_W_scan_base_box_detector_rdp_hybrid_v1_pattern_v1_6a4f6c82_0_1342,ZT=F,W,base_box_detector_rdp_hybrid_v1_pattern,scan_base_box_detector_rdp_hybrid_v1_pattern_v1,2026-02-24T01:16:18.457729Z,2026-02-24T01:17:13.979Z,no,0,labels,1.0,0,1.0,4,1343,1343,108.90234375,101.068359375,0.07193586570536964,360.0,104.3203125,0.4151084517576664,2.0,3.0,4.0,5.0,0.1032,0.0147,14.0,7.0,7.0,1.0
CPER_W_scan_base_box_detector_rdp_hybrid_v1_pattern_v1_6a4f6c82_0_744,CPER,W,base_box_detector_rdp_hybrid_v1_pattern,scan_base_box_detector_rdp_hybrid_v1_pattern_v1,2026-02-24T01:15:33.206815Z,2026-02-05T22:02:30.642Z,yes,1,labels,0.9422771306835775,0,1.0,4,745,745,30.875,20.494999885559082,0.3361943356903941,180.0,36.16999816894531,1.5101154249101383,2.0,2.0,5.0,6.0,0.0004,0.0001,12.0,6.0,6.0,0.9422771306835775
ACH_W_scan_rdp_wiggle_base_v1_22bed501_0_2397,ACH,W,rdp_wiggle_base,scan_rdp_wiggle_base_v1,2026-02-25T21:04:45.176964Z,2026-02-26T03:25:33.518Z,no,0,labels,1.0,1,1.0,3,2398,2398,,,,,2.575000047683716,,,,,,,,,,,1.0
OPAL_W_scan_base_box_detector_rdp_hybrid_v1_pattern_v1_6a4f6c82_0_247,OPAL,W,base_box_detector_rdp_hybrid_v1_pattern,scan_base_box_detector_rdp_hybrid_v1_pattern_v1,2026-02-24T01:15:59.120083Z,2026-02-23T22:53:43.346Z,yes,1,labels,0.8750060487342046,0,0.75,4,248,248,8.57325005531311,6.0,0.30014872291265865,45.0,2.0999999046325684,-1.5155931260216697,5.0,3.0,10.0,11.0,0.041,0.0074,25.0,13.0,12.0,0.8750060487342046
ARVN_W_scan_rdp_wiggle_base_v1_9797e66f_0_387,ARVN,W,rdp_wiggle_base,scan_rdp_wiggle_base_v1,2026-02-25T23:29:29.549520Z,2026-02-26T22:26:32.768Z,no,0,labels,1.0,1,1.0,3,388,388,,,,,13.295000076293945,,,,,,,,,,,1.0
ALDX_W_scan_rdp_wiggle_base_v1_9797e66f_0_617,ALDX,W,rdp_wiggle_base,scan_rdp_wiggle_base_v1,2026-02-25T23:27:24.195057Z,2026-02-26T05:25:43.705Z,no,0,labels,1.0,1,1.0,3,618,618,,,,,5.489999771118164,,,,,,,,,,,1.0
DBA_W_scan_base_box_detector_rdp_hybrid_v1_pattern_v1_6a4f6c82_0_998,DBA,W,base_box_detector_rdp_hybrid_v1_pattern,scan_base_box_detector_rdp_hybrid_v1_pattern_v1,2026-02-24T01:15:35.658843Z,2026-02-23T07:27:16.728Z,no,0,labels,0.9509178847148442,0,1.0,4,999,999,26.221893339344298,21.02135352773101,0.19832815824211317,120.0,26.030000686645508,0.9631013972299037,2.0,2.0,3.0,4.0,0.0019,0.0706,15.0,8.0,7.0,0.9509178847148442
AMCX_W_scan_rdp_wiggle_base_v1_9797e66f_0_767,AMCX,W,rdp_wiggle_base,scan_rdp_wiggle_base_v1,2026-02-25T23:28:03.587317Z,2026-02-26T05:32:33.224Z,no,0,labels,1.0,1,1.0,3,768,768,,,,,7.519999980926514,,,,,,,,,,,1.0
ATRC_W_scan_rdp_wiggle_base_v1_9797e66f_0_1073,ATRC,W,rdp_wiggle_base,scan_rdp_wiggle_base_v1,2026-02-25T23:30:10.732371Z,2026-02-27T04:18:29.187Z,no,0,labels,1.0,1,1.0,3,1074,1074,,,,,31.190000534057617,,,,,,,,,,,1.0
ASO_W_scan_rdp_wiggle_base_v1_9797e66f_0_282,ASO,W,rdp_wiggle_base,scan_rdp_wiggle_base_v1,2026-02-25T23:29:44.198130Z,2026-02-26T22:35:11.138Z,no,0,labels,1.0,1,1.0,3,283,283,,,,,61.189998626708984,,,,,,,,,,,1.0
STRA_W_scan_base_box_detector_rdp_hybrid_v1_pattern_v1_45bf43ee_0_1544,STRA,W,base_box_detector_rdp_hybrid_v1_pattern,scan_base_box_detector_rdp_hybrid_v1_pattern_v1,2026-02-24T04:24:28.532572Z,2026-02-24T20:22:22.047Z,no,0,labels,0.8178413037956557,0,0.75,4,1545,1545,159.17453748346594,86.7459045904058,0.45502650133714745,240.0,74.91000366210938,-0.16341466703882104,2.0,2.0,4.0,5.0,0.0087,0.0023,19.0,10.0,9.0,0.8178413037956557
MNQ=F_W_scan_base_box_detector_rdp_hybrid_v1_pattern_v1_6a4f6c82_0_355,MNQ=F,W,base_box_detector_rdp_hybrid_v1_pattern,scan_base_box_detector_rdp_hybrid_v1_pattern_v1,2026-02-24T01:15:56.344327Z,2026-02-23T07:42:26.442Z,no,0,labels,0.9672638539159787,0,1.0,4,356,356,21985.875,16675.875,0.24151870234866704,45.0,24838.25,1.5371704331450093,2.0,2.0,3.0,4.0,0.0116,0.0542,12.0,6.0,6.0,0.9672638539159787
SBRA_W_scan_base_box_detector_rdp_hybrid_v1_pattern_v1_45bf43ee_0_1247,SBRA,W,base_box_detector_rdp_hybrid_v1_pattern,scan_base_box_detector_rdp_hybrid_v1_pattern_v1,2026-02-24T04:21:46.385366Z,2026-02-24T20:29:33.233Z,yes,1,labels,0.8109992739309817,0,0.75,4,1248,1248,14.05667749197497,6.414084912162242,0.5436983657180671,540.0,20.43000030517578,1.8339215713310968,4.0,2.0,9.0,10.0,0.0001,0.001,20.0,10.0,10.0,0.8109992739309817
ARQT_W_scan_rdp_wiggle_base_v1_9797e66f_0_317,ARQT,W,rdp_wiggle_base,scan_rdp_wiggle_base_v1,2026-02-25T23:29:24.355830Z,2026-02-26T22:24:51.795Z,no,0,labels,1.0,1,1.0,3,318,318,,,,,27.010000228881836,,,,,,,,,,,1.0
VERX_W_scan_base_box_detector_rdp_hybrid_v1_pattern_v1_6a4f6c82_0_290,VERX,W,base_box_detector_rdp_hybrid_v1_pattern,scan_base_box_detector_rdp_hybrid_v1_pattern_v1,2026-02-24T01:16:12.910409Z,2026-02-23T23:18:58.406Z,yes,1,labels,0.8672073114855275,0,1.0,4,291,291,23.324999809265137,11.299999952316284,0.5155412628201734,120.0,12.739999771118164,0.11975050610663844,2.0,2.0,6.0,7.0,0.0298,0.0042,11.0,6.0,5.0,0.8672073114855275
AHH_W_scan_rdp_wiggle_base_v1_9797e66f_0_668,AHH,W,rdp_wiggle_base,scan_rdp_wiggle_base_v1,2026-02-25T23:27:03.855660Z,2026-02-26T03:58:07.122Z,no,0,labels,1.0,1,1.0,3,669,669,,,,,5.949999809265137,,,,,,,,,,,1.0
EWJ_W_scan_base_box_detector_rdp_hybrid_v1_pattern_v1_6a4f6c82_0_1561,EWJ,W,base_box_detector_rdp_hybrid_v1_pattern,scan_base_box_detector_rdp_hybrid_v1_pattern_v1,2026-02-24T01:15:41.087368Z,2026-02-23T07:31:07.424Z,yes,1,labels,0.7631060000586798,0,0.75,4,1562,1562,44.03650529944522,18.555683415273577,0.5786295190979347,720.0,91.47000122070312,2.861537125328088,2.0,2.0,4.0,5.0,0.0105,0.0117,11.0,5.0,6.0,0.7631060000586798
CCJ_W_scan_base_box_detector_rdp_hybrid_v1_pattern_v1_6a4f6c82_0_1562,CCJ,W,base_box_detector_rdp_hybrid_v1_pattern,scan_base_box_detector_rdp_hybrid_v1_pattern_v1,2026-02-24T01:15:32.249611Z,2026-02-23T07:25:24.291Z,no,0,labels,0.8592838495087638,0,0.75,4,1563,1563,60.82672366851819,35.02208439311233,0.4242319447621581,60.0,121.3499984741211,3.0,2.0,2.0,3.0,4.0,0.005,0.005,9.0,4.0,5.0,0.8592838495087638
FLXS_W_scan_base_box_detector_rdp_hybrid_v1_pattern_v1_6a4f6c82_0_2396,FLXS,W,base_box_detector_rdp_hybrid_v1_pattern,scan_base_box_detector_rdp_hybrid_v1_pattern_v1,2026-02-24T01:15:42.343974Z,2026-02-23T07:31:54.429Z,no,0,labels,0.8262851458033734,0,1.0,4,2397,2397,47.64062238168907,16.842643652983078,0.6464646595495226,540.0,53.33000183105469,1.1847322351730405,3.0,2.0,13.0,14.0,0.0107,0.0138,16.0,8.0,8.0,0.8262851458033734
MGC=F_W_scan_base_box_detector_rdp_hybrid_v1_pattern_v1_6a4f6c82_0_801,MGC=F,W,base_box_detector_rdp_hybrid_v1_pattern,scan_base_box_detector_rdp_hybrid_v1_pattern_v1,2026-02-24T01:15:55.484903Z,2026-02-24T01:20:23.070Z,yes,1,labels,0.9631552252947682,0,0.75,4,802,802,1904.7499694824219,1686.1500244140625,0.11476569028519769,60.0,5192.7001953125,3.0,2.0,3.0,4.0,5.0,0.0024,0.0143,32.0,16.0,16.0,0.9631552252947682
MNQ=F_W_scan_base_box_detector_rdp_hybrid_v1_pattern_v1_6a4f6c82_0_355,MNQ=F,W,base_box_detector_rdp_hybrid_v1_pattern,scan_base_box_detector_rdp_hybrid_v1_pattern_v1,2026-02-24T01:15:56.344327Z,2026-02-24T01:20:11.007Z,no,0,labels,0.9672638539159787,0,1.0,4,356,356,21985.875,16675.875,0.24151870234866704,45.0,24838.25,1.5371704331450093,2.0,2.0,3.0,4.0,0.0116,0.0542,12.0,6.0,6.0,0.9672638539159787
MES=F_W_scan_base_box_detector_rdp_hybrid_v1_pattern_v1_6a4f6c82_0_356,MES=F,W,base_box_detector_rdp_hybrid_v1_pattern,scan_base_box_detector_rdp_hybrid_v1_pattern_v1,2026-02-24T01:15:55.248253Z,2026-02-24T01:19:24.987Z,no,0,labels,0.988947783820629,0,1.0,4,357,357,6055.0,4904.25,0.19004954582989264,45.0,6858.0,1.697805778839887,2.0,2.0,3.0,4.0,0.0114,0.0391,15.0,7.0,8.0,0.988947783820629
ACNB_W_scan_rdp_wiggle_base_v1_22bed501_0_1664,ACNB,W,rdp_wiggle_base,scan_rdp_wiggle_base_v1,2026-02-25T21:04:58.742465Z,2026-02-26T03:27:18.592Z,no,0,labels,1.0,1,1.0,3,1665,1665,,,,,50.970001220703125,,,,,,,,,,,1.0
SEMR_W_scan_base_box_detector_rdp_hybrid_v1_pattern_v1_6a4f6c82_0_256,SEMR,W,base_box_detector_rdp_hybrid_v1_pattern,scan_base_box_detector_rdp_hybrid_v1_pattern_v1,2026-02-24T01:16:08.295216Z,2026-02-23T23:08:53.563Z,yes,1,labels,0.8640946373392395,0,1.0,4,257,257,14.772500038146973,7.284999847412109,0.5068539632018899,120.0,11.819999694824219,0.6056760910702588,2.0,2.0,4.0,5.0,0.0226,0.0586,16.0,8.0,8.0,0.8640946373392395
AUB_W_scan_rdp_wiggle_base_v1_9797e66f_0_1690,AUB,W,rdp_wiggle_base,scan_rdp_wiggle_base_v1,2026-02-25T23:30:15.537954Z,2026-02-27T04:19:31.318Z,no,0,labels,1.0,1,1.0,3,1691,1691,,,,,39.09000015258789,,,,,,,,,,,1.0
AMPH_W_scan_base_box_detector_rdp_hybrid_v1_pattern_v1_45bf43ee_0_609,AMPH,W,base_box_detector_rdp_hybrid_v1_pattern,scan_base_box_detector_rdp_hybrid_v1_pattern_v1,2026-02-24T03:58:42.220495Z,2026-02-24T20:27:29.934Z,no,0,labels,0.8144249759240016,0,1.0,4,610,610,66.35499954223633,25.167500019073486,0.6207143366333104,180.0,27.549999237060547,0.05784520171337911,2.0,2.0,7.0,8.0,0.0252,0.0054,10.0,5.0,5.0,0.8144249759240016
DNUT_W_scan_base_box_detector_rdp_hybrid_v1_pattern_v1_6a4f6c82_0_242,DNUT,W,base_box_detector_rdp_hybrid_v1_pattern,scan_base_box_detector_rdp_hybrid_v1_pattern_v1,2026-02-24T01:15:37.328412Z,2026-02-23T07:28:57.686Z,yes,1,labels,0.887803940097038,0,0.75,4,243,243,14.935387761862982,11.188199927990684,0.25089324051168044,45.0,3.0299999713897705,-2.0,2.0,3.0,4.0,5.0,0.0666,0.1153,20.0,10.0,10.0,0.887803940097038
ATOM-USD_W_scan_base_box_detector_rdp_hybrid_v1_pattern_v1_6a4f6c82_0_363,ATOM-USD,W,base_box_detector_rdp_hybrid_v1_pattern,scan_base_box_detector_rdp_hybrid_v1_pattern_v1,2026-02-24T01:15:30.329460Z,2026-02-23T07:23:02.799Z,no,0,labels,0.7784981376706077,0,0.75,4,364,364,44.52104949951172,21.384303092956543,0.5196810647244272,45.0,2.188035249710083,-0.8296874377206171,3.0,2.0,6.0,9.0,0.003,0.1041,28.0,14.0,14.0,0.7784981376706077
USO_W_scan_base_box_detector_rdp_hybrid_v1_pattern_v1_6a4f6c82_0_1036,USO,W,base_box_detector_rdp_hybrid_v1_pattern,scan_base_box_detector_rdp_hybrid_v1_pattern_v1,2026-02-24T01:16:12.345325Z,2026-02-23T23:18:00.723Z,yes,1,labels,0.8792380605790142,0,0.75,4,1037,1037,333.1399917602539,248.72000122070312,0.2534069539159505,60.0,80.8499984741211,-1.9885100871686892,2.0,2.0,3.0,4.0,0.0075,0.0045,20.0,10.0,10.0,0.8792380605790142
RDN_W_scan_base_box_detector_rdp_hybrid_v1_pattern_v1_45bf43ee_0_1739,RDN,W,base_box_detector_rdp_hybrid_v1_pattern,scan_base_box_detector_rdp_hybrid_v1_pattern_v1,2026-02-24T04:20:00.126195Z,2026-02-24T20:26:03.147Z,no,0,labels,0.8160970209580836,0,1.0,4,1740,1740,43.96943894718492,23.57741730179717,0.4637771628126112,180.0,34.007728576660156,0.5114898098993587,2.0,2.0,3.0,5.0,0.0209,0.1052,19.0,10.0,9.0,0.8160970209580836
GRC_W_scan_base_box_detector_rdp_hybrid_v1_pattern_v1_45bf43ee_0_2397,GRC,W,base_box_detector_rdp_hybrid_v1_pattern,scan_base_box_detector_rdp_hybrid_v1_pattern_v1,2026-02-24T04:06:31.972733Z,2026-02-24T20:30:30.175Z,no,0,labels,0.8095864071903731,0,0.75,4,2398,2398,42.92386253912218,20.07965218852989,0.5322030450957518,360.0,64.5199966430664,1.9453657523068768,2.0,2.0,4.0,6.0,0.0144,0.0525,10.0,5.0,5.0,0.8095864071903731
ARWR_W_scan_rdp_wiggle_base_v1_9797e66f_0_1680,ARWR,W,rdp_wiggle_base,scan_rdp_wiggle_base_v1,2026-02-25T23:29:31.407306Z,2026-02-26T22:26:41.051Z,no,0,labels,1.0,1,1.0,3,1681,1681,,,,,61.6150016784668,,,,,,,,,,,1.0
IAUX_W_scan_base_box_detector_rdp_hybrid_v1_pattern_v1_6a4f6c82_0_252,IAUX,W,base_box_detector_rdp_hybrid_v1_pattern,scan_base_box_detector_rdp_hybrid_v1_pattern_v1,2026-02-24T01:15:46.432635Z,2026-02-23T07:36:10.551Z,yes,1,labels,0.9286222389235955,0,1.0,4,253,253,2.859999895095825,1.8839999437332153,0.34125873676995666,60.0,1.8799999952316284,-0.004098308095202791,3.0,4.0,9.0,10.0,0.0241,0.0091,34.0,17.0,17.0,0.9286222389235955
FLNC_W_scan_base_box_detector_rdp_hybrid_v1_pattern_v1_6a4f6c82_0_225,FLNC,W,base_box_detector_rdp_hybrid_v1_pattern,scan_base_box_detector_rdp_hybrid_v1_pattern_v1,2026-02-24T01:15:41.996063Z,2026-02-23T07:31:44.092Z,yes,1,labels,0.8739020756615247,0,1.0,4,226,226,29.559999465942383,15.097500085830688,0.4892591218337028,60.0,16.549999237060547,0.10043209773459232,2.0,2.0,4.0,5.0,0.0181,0.0397,16.0,8.0,8.0,0.8739020756615247
ARCB_W_scan_rdp_wiggle_base_v1_9797e66f_0_1763,ARCB,W,rdp_wiggle_base,scan_rdp_wiggle_base_v1,2026-02-25T23:29:03.625922Z,2026-02-26T22:21:30.999Z,no,0,labels,1.0,1,1.0,3,1764,1764,,,,,96.69999694824219,,,,,,,,,,,1.0
XNCR_W_scan_base_box_detector_rdp_hybrid_v1_pattern_v1_6a4f6c82_0_637,XNCR,W,base_box_detector_rdp_hybrid_v1_pattern,scan_base_box_detector_rdp_hybrid_v1_pattern_v1,2026-02-24T01:16:16.283069Z,2026-02-23T23:20:36.698Z,no,0,labels,0.7767804245326642,0,0.75,4,638,638,45.650001525878906,18.549999237060547,0.5936473468342693,540.0,11.40999984741211,-0.2634685899120551,5.0,5.0,18.0,19.0,0.0113,0.0044,20.0,10.0,10.0,0.7767804245326642
OABI_W_scan_base_box_detector_rdp_hybrid_v1_pattern_v1_45bf43ee_0_230,OABI,W,base_box_detector_rdp_hybrid_v1_pattern,scan_base_box_detector_rdp_hybrid_v1_pattern_v1,2026-02-24T04:15:56.900159Z,2026-02-24T20:28:13.180Z,no,0,labels,0.8144136111226883,0,0.75,4,231,231,5.974999904632568,3.3299999237060547,0.4426778281411818,120.0,1.7100000381469727,-0.6124763316601667,2.0,2.0,6.0,8.0,0.037,0.0792,13.0,7.0,6.0,0.8144136111226883
JACK_W_scan_base_box_detector_rdp_hybrid_v1_pattern_v1_6a4f6c82_0_1772,JACK,W,base_box_detector_rdp_hybrid_v1_pattern,scan_base_box_detector_rdp_hybrid_v1_pattern_v1,2026-02-24T01:15:48.636549Z,2026-02-23T07:37:10.593Z,yes,1,labels,0.856376208757067,0,0.75,4,1773,1773,90.35638320921915,58.4168925844144,0.3534835004500925,90.0,16.809999465942383,-1.302678668461901,2.0,2.0,4.0,5.0,0.0347,0.0137,15.0,8.0,7.0,0.856376208757067
INGN_W_scan_base_box_detector_rdp_hybrid_v1_pattern_v1_45bf43ee_0_628,INGN,W,base_box_detector_rdp_hybrid_v1_pattern,scan_base_box_detector_rdp_hybrid_v1_pattern_v1,2026-02-24T04:09:06.556800Z,2026-02-24T20:30:58.445Z,no,0,labels,0.808455957810094,0,0.75,4,629,629,172.75499725341797,96.47750282287598,0.44153567562881507,90.0,5.679999828338623,-1.1903577021295217,2.0,2.0,12.0,13.0,0.0512,0.0073,39.0,20.0,19.0,0.808455957810094
NQ=F_W_scan_base_box_detector_rdp_hybrid_v1_pattern_v1_6a4f6c82_0_1326,NQ=F,W,base_box_detector_rdp_hybrid_v1_pattern,scan_base_box_detector_rdp_hybrid_v1_pattern_v1,2026-02-24T01:15:58.557496Z,2026-02-23T07:44:50.012Z,yes,1,labels,0.800236467941142,0,0.75,4,1327,1327,1756.0,1027.375,0.4149345102505695,360.0,24838.25,3.0,2.0,2.0,6.0,7.0,0.0834,0.0025,15.0,7.0,8.0,0.800236467941142
AMC_W_scan_rdp_wiggle_base_v1_9797e66f_0_636,AMC,W,rdp_wiggle_base,scan_rdp_wiggle_base_v1,2026-02-25T23:28:01.839860Z,2026-02-26T05:32:36.082Z,no,0,labels,1.0,1,1.0,3,637,637,,,,,1.159999966621399,,,,,,,,,,,1.0
ASPN_W_scan_rdp_wiggle_base_v1_9797e66f_0_611,ASPN,W,rdp_wiggle_base,scan_rdp_wiggle_base_v1,2026-02-25T23:29:47.255686Z,2026-02-26T22:35:35.048Z,no,0,labels,1.0,1,1.0,3,612,612,,,,,2.569999933242798,,,,,,,,,,,1.0
ALMU_W_scan_rdp_wiggle_base_v1_9797e66f_0_156,ALMU,W,rdp_wiggle_base,scan_rdp_wiggle_base_v1,2026-02-25T23:27:42.763033Z,2026-02-26T05:28:20.455Z,no,0,labels,1.0,1,1.0,3,157,157,,,,,16.360000610351562,,,,,,,,,,,1.0
AROW_W_scan_rdp_wiggle_base_v1_9797e66f_0_2371,AROW,W,rdp_wiggle_base,scan_rdp_wiggle_base_v1,2026-02-25T23:29:20.250668Z,2026-02-26T22:24:34.452Z,no,0,labels,1.0,1,1.0,3,2372,2372,,,,,34.43000030517578,,,,,,,,,,,1.0
AAT_W_scan_rdp_wiggle_base_v1_22bed501_0_789,AAT,W,rdp_wiggle_base,scan_rdp_wiggle_base_v1,2026-02-25T21:04:23.200396Z,2026-02-26T03:21:09.525Z,no,0,labels,1.0,1,1.0,3,790,790,,,,,19.600000381469727,,,,,,,,,,,1.0
PUBM_W_scan_base_box_detector_rdp_hybrid_v1_pattern_v1_6a4f6c82_0_271,PUBM,W,base_box_detector_rdp_hybrid_v1_pattern,scan_base_box_detector_rdp_hybrid_v1_pattern_v1,2026-02-24T01:16:03.051329Z,2026-02-23T22:57:19.883Z,yes,1,labels,0.8574543464521217,0,0.75,4,272,272,18.989999771118164,11.324999809265137,0.40363349416731975,60.0,6.570000171661377,-0.6203522062972365,2.0,3.0,5.0,6.0,0.0064,0.0359,37.0,19.0,18.0,0.8574543464521217
APAM_W_scan_rdp_wiggle_base_v1_9797e66f_0_677,APAM,W,rdp_wiggle_base,scan_rdp_wiggle_base_v1,2026-02-25T23:28:45.976585Z,2026-02-26T22:17:26.933Z,no,0,labels,1.0,1,1.0,3,678,678,,,,,41.0099983215332,,,,,,,,,,,1.0
PKE_W_scan_base_box_detector_rdp_hybrid_v1_pattern_v1_45bf43ee_0_2397,PKE,W,base_box_detector_rdp_hybrid_v1_pattern,scan_base_box_detector_rdp_hybrid_v1_pattern_v1,2026-02-24T04:18:10.416261Z,2026-02-24T20:26:55.139Z,no,0,labels,0.8149135618919032,0,0.75,4,2398,2398,13.799475687962936,6.7018607522377405,0.5143394644998239,720.0,25.75,2.68373804725376,2.0,2.0,3.0,5.0,0.0156,0.04,12.0,6.0,6.0,0.8149135618919032
MGC=F_W_scan_base_box_detector_rdp_hybrid_v1_pattern_v1_6a4f6c82_0_801,MGC=F,W,base_box_detector_rdp_hybrid_v1_pattern,scan_base_box_detector_rdp_hybrid_v1_pattern_v1,2026-02-24T01:15:55.484903Z,2026-02-23T04:59:36.569Z,yes,1,labels,0.9631552252947682,0,0.75,4,802,802,1904.7499694824219,1686.1500244140625,0.11476569028519769,60.0,5192.7001953125,3.0,2.0,3.0,4.0,5.0,0.0024,0.0143,32.0,16.0,16.0,0.9631552252947682
ARQ_W_scan_rdp_wiggle_base_v1_9797e66f_0_1153,ARQ,W,rdp_wiggle_base,scan_rdp_wiggle_base_v1,2026-02-25T23:29:22.226593Z,2026-02-26T22:25:24.223Z,no,0,labels,1.0,1,1.0,3,1154,1154,,,,,3.569999933242798,,,,,,,,,,,1.0
ALNT_W_scan_rdp_wiggle_base_v1_9797e66f_0_2366,ALNT,W,rdp_wiggle_base,scan_rdp_wiggle_base_v1,2026-02-25T23:27:44.563219Z,2026-02-26T05:28:33.238Z,no,0,labels,1.0,1,1.0,3,2367,2367,,,,,66.48999786376953,,,,,,,,,,,1.0
RICK_W_scan_base_box_detector_rdp_hybrid_v1_pattern_v1_45bf43ee_0_1585,RICK,W,base_box_detector_rdp_hybrid_v1_pattern,scan_base_box_detector_rdp_hybrid_v1_pattern_v1,2026-02-24T04:20:28.709470Z,2026-02-24T20:28:54.471Z,no,0,labels,0.8124999487280471,0,0.75,4,1586,1586,93.32418820531933,47.694092670883066,0.4889417889609397,180.0,22.020000457763672,-0.5626569901380897,2.0,2.0,6.0,7.0,0.011,0.0015,14.0,7.0,7.0,0.8124999487280471
ORGN_W_scan_base_box_detector_rdp_hybrid_v1_pattern_v1_6a4f6c82_0_285,ORGN,W,base_box_detector_rdp_hybrid_v1_pattern,scan_base_box_detector_rdp_hybrid_v1_pattern_v1,2026-02-24T01:15:59.406712Z,2026-02-24T00:07:18.230Z,yes,1,labels,0.8346233966237646,0,0.75,4,286,286,7.502250075340271,4.840000152587891,0.3548601947438591,45.0,0.15600000321865082,-1.7594141366437388,4.0,3.0,6.0,9.0,0.0146,0.1302,32.0,16.0,16.0,0.8346233966237646
ORGN_W_scan_base_box_detector_rdp_hybrid_v1_pattern_v1_6a4f6c82_0_285,ORGN,W,base_box_detector_rdp_hybrid_v1_pattern,scan_base_box_detector_rdp_hybrid_v1_pattern_v1,2026-02-24T01:15:59.406712Z,2026-02-24T00:07:13.173Z,yes,1,labels,0.8346233966237646,0,0.75,4,286,286,7.502250075340271,4.840000152587891,0.3548601947438591,45.0,0.15600000321865082,-1.7594141366437388,4.0,3.0,6.0,9.0,0.0146,0.1302,32.0,16.0,16.0,0.8346233966237646
OSIS_W_scan_base_box_detector_rdp_hybrid_v1_pattern_v1_45bf43ee_0_1482,OSIS,W,base_box_detector_rdp_hybrid_v1_pattern,scan_base_box_detector_rdp_hybrid_v1_pattern_v1,2026-02-24T04:16:54.356378Z,2026-02-24T20:29:08.974Z,no,0,labels,0.8114051635552899,0,0.75,4,1483,1483,96.72249984741211,48.76749897003174,0.49579984960100726,180.0,293.6499938964844,3.0,2.0,2.0,3.0,4.0,0.0069,0.0117,9.0,4.0,5.0,0.8114051635552899
ANIK_W_scan_rdp_wiggle_base_v1_9797e66f_0_1712,ANIK,W,rdp_wiggle_base,scan_rdp_wiggle_base_v1,2026-02-25T23:28:35.144755Z,2026-02-26T22:16:13.677Z,no,0,labels,1.0,1,1.0,3,1713,1713,,,,,10.9399995803833,,,,,,,,,,,1.0
AIR_W_scan_rdp_wiggle_base_v1_9797e66f_0_2397,AIR,W,rdp_wiggle_base,scan_rdp_wiggle_base_v1,2026-02-25T23:27:12.373004Z,2026-02-26T04:00:02.132Z,no,0,labels,1.0,1,1.0,3,2398,2398,,,,,117.05999755859375,,,,,,,,,,,1.0
MGC=F_W_scan_base_box_detector_rdp_hybrid_v1_pattern_v1_6a4f6c82_0_801,MGC=F,W,base_box_detector_rdp_hybrid_v1_pattern,scan_base_box_detector_rdp_hybrid_v1_pattern_v1,2026-02-24T01:15:55.484903Z,2026-02-23T05:30:52.947Z,yes,1,labels,0.9631552252947682,0,0.75,4,802,802,1904.7499694824219,1686.1500244140625,0.11476569028519769,60.0,5192.7001953125,3.0,2.0,3.0,4.0,5.0,0.0024,0.0143,32.0,16.0,16.0,0.9631552252947682
AGL_W_scan_rdp_wiggle_base_v1_9797e66f_0_254,AGL,W,rdp_wiggle_base,scan_rdp_wiggle_base_v1,2026-02-25T23:26:56.448552Z,2026-02-26T03:54:36.644Z,no,0,labels,1.0,1,1.0,3,255,255,,,,,0.5,,,,,,,,,,,1.0
BTDR_W_scan_base_box_detector_rdp_hybrid_v1_pattern_v1_45bf43ee_0_239,BTDR,W,base_box_detector_rdp_hybrid_v1_pattern,scan_base_box_detector_rdp_hybrid_v1_pattern_v1,2026-02-24T04:00:45.310247Z,2026-02-24T20:29:04.401Z,yes,1,labels,0.8120351830592296,0,1.0,4,240,240,13.915000438690186,5.272500038146973,0.6210923555929638,45.0,8.020000457763672,0.3179057324017027,2.0,2.0,3.0,4.0,0.0212,0.123,17.0,9.0,8.0,0.8120351830592296
NQ=F_W_scan_base_box_detector_rdp_hybrid_v1_pattern_v1_6a4f6c82_0_1326,NQ=F,W,base_box_detector_rdp_hybrid_v1_pattern,scan_base_box_detector_rdp_hybrid_v1_pattern_v1,2026-02-24T01:15:58.557496Z,2026-02-23T05:34:19.254Z,yes,1,labels,0.800236467941142,0,0.75,4,1327,1327,1756.0,1027.375,0.4149345102505695,360.0,24838.25,3.0,2.0,2.0,6.0,7.0,0.0834,0.0025,15.0,7.0,8.0,0.800236467941142
BFLY_W_scan_base_box_detector_rdp_hybrid_v1_pattern_v1_6a4f6c82_0_292,BFLY,W,base_box_detector_rdp_hybrid_v1_pattern,scan_base_box_detector_rdp_hybrid_v1_pattern_v1,2026-02-24T01:15:30.632958Z,2026-02-23T07:23:14.361Z,no,0,labels,0.7696147146114644,0,0.75,4,293,293,22.315250396728516,9.420000076293945,0.5778671577140382,60.0,2.9800000190734863,-0.499408689028336,2.0,3.0,11.0,12.0,0.017,0.01,17.0,8.0,9.0,0.7696147146114644
XLP_W_scan_base_box_detector_rdp_hybrid_v1_pattern_v1_6a4f6c82_0_1417,XLP,W,base_box_detector_rdp_hybrid_v1_pattern,scan_base_box_detector_rdp_hybrid_v1_pattern_v1,2026-02-24T01:16:15.593531Z,2026-02-23T23:20:25.832Z,yes,1,labels,0.9803792512503154,0,1.0,4,1418,1418,73.45635295590928,61.248275873047405,0.16619497962537744,240.0,87.88999938964844,2.1823030224802245,5.0,4.0,8.0,10.0,0.0651,0.1034,15.0,7.0,8.0,0.9803792512503154
APOG_W_scan_rdp_wiggle_base_v1_9797e66f_0_2756,APOG,W,rdp_wiggle_base,scan_rdp_wiggle_base_v1,2026-02-25T23:28:54.688343Z,2026-02-26T22:19:04.517Z,no,0,labels,1.0,1,1.0,3,2757,2757,,,,,39.880001068115234,,,,,,,,,,,1.0
ALEX_W_scan_rdp_wiggle_base_v1_9797e66f_0_715,ALEX,W,rdp_wiggle_base,scan_rdp_wiggle_base_v1,2026-02-25T23:27:27.143286Z,2026-02-26T05:26:22.055Z,no,0,labels,1.0,1,1.0,3,716,716,,,,,20.799999237060547,,,,,,,,,,,1.0
XLP_W_scan_base_box_detector_rdp_hybrid_v1_pattern_v1_6a4f6c82_0_1417,XLP,W,base_box_detector_rdp_hybrid_v1_pattern,scan_base_box_detector_rdp_hybrid_v1_pattern_v1,2026-02-24T01:16:15.593531Z,2026-02-24T01:19:57.049Z,yes,1,labels,0.9803792512503154,0,1.0,4,1418,1418,73.45635295590928,61.248275873047405,0.16619497962537744,240.0,87.88999938964844,2.1823030224802245,5.0,4.0,8.0,10.0,0.0651,0.1034,15.0,7.0,8.0,0.9803792512503154
BRZE_W_scan_base_box_detector_rdp_hybrid_v1_pattern_v1_6a4f6c82_0_222,BRZE,W,base_box_detector_rdp_hybrid_v1_pattern,scan_base_box_detector_rdp_hybrid_v1_pattern_v1,2026-02-24T01:15:31.296674Z,2026-02-23T06:53:12.050Z,yes,1,labels,0.8202913840086712,0,0.75,4,223,223,50.970001220703125,27.09000015258789,0.4685108984932807,180.0,17.15999984741211,-0.41582913990880827,4.0,3.0,9.0,10.0,0.0309,0.003,12.0,6.0,6.0,0.8202913840086712
AAP_W_scan_rdp_wiggle_base_v1_22bed501_0_1265,AAP,W,rdp_wiggle_base,scan_rdp_wiggle_base_v1,2026-02-25T21:04:20.777563Z,2026-02-26T03:20:55.153Z,no,0,labels,1.0,1,1.0,3,1266,1266,,,,,50.57500076293945,,,,,,,,,,,1.0
ALRM_W_scan_base_box_detector_rdp_hybrid_v1_pattern_v1_6a4f6c82_0_556,ALRM,W,base_box_detector_rdp_hybrid_v1_pattern,scan_base_box_detector_rdp_hybrid_v1_pattern_v1,2026-02-24T01:15:28.750614Z,2026-02-23T07:19:01.569Z,yes,1,labels,0.9061068271969448,0,1.0,4,557,557,78.14049911499023,48.392499923706055,0.3806988633065618,180.0,45.59000015258789,-0.09420800885120584,2.0,2.0,5.0,6.0,0.011,0.0026,15.0,8.0,7.0,0.9061068271969448
SHCO_W_scan_base_box_detector_rdp_hybrid_v1_pattern_v1_6a4f6c82_0_237,SHCO,W,base_box_detector_rdp_hybrid_v1_pattern,scan_base_box_detector_rdp_hybrid_v1_pattern_v1,2026-02-24T01:16:08.739496Z,2026-02-23T23:17:04.537Z,yes,1,labels,0.8921497904571121,0,1.0,4,238,238,8.481025218963623,4.454999923706055,0.47470974219665707,90.0,8.989999771118164,1.1264211014158516,2.0,2.0,3.0,4.0,0.0022,0.0027,17.0,8.0,9.0,0.8921497904571121
AEO_W_scan_base_box_detector_rdp_hybrid_v1_pattern_v1_6a4f6c82_0_1662,AEO,W,base_box_detector_rdp_hybrid_v1_pattern,scan_base_box_detector_rdp_hybrid_v1_pattern_v1,2026-02-24T01:15:27.961443Z,2026-02-23T06:46:30.610Z,yes,1,labels,0.7934550645262098,0,1.0,4,1663,1663,21.478058825729253,7.728147399124619,0.6401840845194621,360.0,25.260000228881836,1.275052055668877,2.0,2.0,6.0,7.0,0.0006,0.1195,19.0,10.0,9.0,0.7934550645262098
FATE_W_scan_base_box_detector_rdp_hybrid_v1_pattern_v1_6a4f6c82_0_646,FATE,W,base_box_detector_rdp_hybrid_v1_pattern,scan_base_box_detector_rdp_hybrid_v1_pattern_v1,2026-02-24T01:15:41.620386Z,2026-02-23T07:31:25.833Z,yes,1,labels,0.8426322725583704,0,0.75,4,647,647,103.36250114440918,66.81999969482422,0.3535373181278859,45.0,1.4600000381469727,-1.7886022320297283,4.0,2.0,4.0,7.0,0.0564,0.0313,32.0,16.0,16.0,0.8426322725583704
ZB=F_W_scan_base_box_detector_rdp_hybrid_v1_pattern_v1_6a4f6c82_0_1326,ZB=F,W,base_box_detector_rdp_hybrid_v1_pattern,scan_base_box_detector_rdp_hybrid_v1_pattern_v1,2026-02-24T01:16:17.170916Z,2026-02-23T05:36:17.838Z,yes,1,labels,0.995036905532291,0,1.0,4,1327,1327,126.0234375,110.3125,0.12466679065154052,90.0,117.5,0.4574838388861263,2.0,3.0,4.0,5.0,0.004,0.0454,48.0,24.0,24.0,0.995036905532291
SIL=F_W_scan_base_box_detector_rdp_hybrid_v1_pattern_v1_6a4f6c82_0_661,SIL=F,W,base_box_detector_rdp_hybrid_v1_pattern,scan_base_box_detector_rdp_hybrid_v1_pattern_v1,2026-02-24T01:16:09.015918Z,2026-02-23T05:35:59.705Z,yes,1,labels,0.8699078865899005,0,0.75,4,662,662,20.420000076293945,13.162499904632568,0.3554113684890128,240.0,87.33999633789062,3.0,2.0,2.0,3.0,4.0,0.0086,0.002,13.0,6.0,7.0,0.8699078865899005
HLIO_W_scan_base_box_detector_rdp_hybrid_v1_pattern_v1_45bf43ee_0_1520,HLIO,W,base_box_detector_rdp_hybrid_v1_pattern,scan_base_box_detector_rdp_hybrid_v1_pattern_v1,2026-02-24T04:07:28.295499Z,2026-02-24T20:28:20.469Z,no,0,labels,0.8135920765716421,0,1.0,4,1521,1521,70.93354474028041,26.458125320478064,0.6270012246342241,720.0,72.9800033569336,1.04601325054041,3.0,2.0,8.0,9.0,0.0011,0.1264,10.0,5.0,5.0,0.8135920765716421
FSS_W_scan_base_box_detector_rdp_hybrid_v1_pattern_v1_45bf43ee_0_2397,FSS,W,base_box_detector_rdp_hybrid_v1_pattern,scan_base_box_detector_rdp_hybrid_v1_pattern_v1,2026-02-24T04:05:24.681622Z,2026-02-24T20:21:11.045Z,no,0,labels,0.8198858516517177,0,1.0,4,2398,2398,101.33638864562006,55.66226256147028,0.45071791776471504,720.0,115.62000274658203,1.3127287881687306,3.0,2.0,9.0,10.0,0.133,0.363,12.0,6.0,6.0,0.8198858516517177
ZB=F_W_scan_base_box_detector_rdp_hybrid_v1_pattern_v1_6a4f6c82_0_1326,ZB=F,W,base_box_detector_rdp_hybrid_v1_pattern,scan_base_box_detector_rdp_hybrid_v1_pattern_v1,2026-02-24T01:16:17.170916Z,2026-02-24T01:18:46.996Z,yes,1,labels,0.995036905532291,0,1.0,4,1327,1327,126.0234375,110.3125,0.12466679065154052,90.0,117.5,0.4574838388861263,2.0,3.0,4.0,5.0,0.004,0.0454,48.0,24.0,24.0,0.995036905532291
PCVX_W_scan_base_box_detector_rdp_hybrid_v1_pattern_v1_6a4f6c82_0_297,PCVX,W,base_box_detector_rdp_hybrid_v1_pattern,scan_base_box_detector_rdp_hybrid_v1_pattern_v1,2026-02-24T01:16:00.139198Z,2026-02-23T22:56:58.028Z,no,0,labels,0.8773360516182619,0,0.75,4,298,298,107.22000122070312,73.9849967956543,0.3099701925635818,45.0,58.5099983215332,-0.46562348168239664,2.0,2.0,4.0,8.0,0.0042,0.0284,40.0,20.0,20.0,0.8773360516182619
QM=F_W_scan_base_box_detector_rdp_hybrid_v1_pattern_v1_6a4f6c82_0_1229,QM=F,W,base_box_detector_rdp_hybrid_v1_pattern,scan_base_box_detector_rdp_hybrid_v1_pattern_v1,2026-02-24T01:16:03.292736Z,2026-02-23T22:57:28.870Z,yes,1,labels,0.930336938655278,0,1.0,4,1230,1230,93.16250038146973,64.69999980926514,0.3055145627871733,90.0,66.0,0.045674138413699134,2.0,2.0,3.0,4.0,0.0179,0.0016,31.0,16.0,15.0,0.930336938655278
CNDT_W_scan_base_box_detector_rdp_hybrid_v1_pattern_v1_45bf43ee_0_480,CNDT,W,base_box_detector_rdp_hybrid_v1_pattern,scan_base_box_detector_rdp_hybrid_v1_pattern_v1,2026-02-24T04:02:08.279869Z,2026-02-24T20:24:30.692Z,no,0,labels,0.8173192109639712,0,0.75,4,481,481,21.642499446868896,12.24500036239624,0.43421505485274386,120.0,1.5099999904632568,-1.142325237325137,2.0,2.0,7.0,8.0,0.0067,0.0077,16.0,8.0,8.0,0.8173192109639712
